image_name,center_x,center_y,width,height
test_0012_jpg.rf.f36a23711af5b7f78b9161b511aeea88.jpg,338.1441345214844,100.05097961425781,9.00689697265625,9.257362365722656
